id,first_name,last_name,email,gender,ip_address
1,Margo,Fake,mfake0@livejournal.com,Female,145.195.233.84
2,Adamo,Harpur,aharpur1@addthis.com,Male,117.8.129.158
3,Rudd,Allender,rallender2@ning.com,Male,238.4.104.37
4,Adella,Kitchen,akitchen3@ibm.com,Non-binary,227.68.245.24
5,Clementius,Babbs,cbabbs4@istockphoto.com,Male,220.220.247.160
6,Tam,Bowkett,tbowkett5@dagondesign.com,Male,239.204.51.174
7,Melonie,Skunes,mskunes6@zimbio.com,Female,100.174.208.97
8,Titos,Venners,tvenners7@hp.com,Agender,202.86.73.246
9,Duky,Maus,dmaus8@mozilla.org,Male,48.198.213.174
10,Claudianus,Rooze,crooze9@patch.com,Male,216.6.131.131
